insert into Sitios (s_cod, s_localidad) values ('ST1', 'Orange');
insert into Sitios (s_cod, s_localidad) values ('ST2', 'White Plains');
insert into Sitios (s_cod, s_localidad) values ('ST3', 'Eugene');
insert into Sitios (s_cod, s_localidad) values ('ST4', 'Las Vegas');
insert into Sitios (s_cod, s_localidad) values ('ST5', 'Honolulu');
insert into Sitios (s_cod, s_localidad) values ('ST6', 'New Orleans');
insert into Sitios (s_cod, s_localidad) values ('ST7', 'Wichita');
insert into Sitios (s_cod, s_localidad) values ('ST8', 'New York City');
insert into Sitios (s_cod, s_localidad) values ('ST9', 'Oklahoma City');
insert into Sitios (s_cod, s_localidad) values ('ST10', 'Sacramento');
insert into Sitios (s_cod, s_localidad) values ('ST11', 'Dallas');
insert into Sitios (s_cod, s_localidad) values ('ST12', 'Kansas City');
insert into Sitios (s_cod, s_localidad) values ('ST13', 'Lake Worth');
insert into Sitios (s_cod, s_localidad) values ('ST14', 'Syracuse');
insert into Sitios (s_cod, s_localidad) values ('ST15', 'Arlington');
insert into Sitios (s_cod, s_localidad) values ('ST16', 'Trenton');
insert into Sitios (s_cod, s_localidad) values ('ST17', 'San Jose');
insert into Sitios (s_cod, s_localidad) values ('ST18', 'Washington');
insert into Sitios (s_cod, s_localidad) values ('ST19', 'Prescott');
insert into Cuadriculas (Cu_Cod, S_Cod_Dividido) values ('CU1', 'ST4');
insert into Cuadriculas (Cu_Cod, S_Cod_Dividido) values ('CU2', 'ST1');
insert into Cuadriculas (Cu_Cod, S_Cod_Dividido) values ('CU3', 'ST11');
insert into Cuadriculas (Cu_Cod, S_Cod_Dividido) values ('CU4', 'ST13');
insert into Cuadriculas (Cu_Cod, S_Cod_Dividido) values ('CU5', 'ST11');
insert into Cuadriculas (Cu_Cod, S_Cod_Dividido) values ('CU6', 'ST11');
insert into Cuadriculas (Cu_Cod, S_Cod_Dividido) values ('CU7', 'ST2');
insert into Cuadriculas (Cu_Cod, S_Cod_Dividido) values ('CU8', 'ST9');
insert into Cuadriculas (Cu_Cod, S_Cod_Dividido) values ('CU9', 'ST3');
insert into Cuadriculas (Cu_Cod, S_Cod_Dividido) values ('CU10', 'ST19');
insert into Cuadriculas (Cu_Cod, S_Cod_Dividido) values ('CU11', 'ST8');
insert into Cuadriculas (Cu_Cod, S_Cod_Dividido) values ('CU12', 'ST12');
insert into Cuadriculas (Cu_Cod, S_Cod_Dividido) values ('CU13', 'ST14');
insert into Cuadriculas (Cu_Cod, S_Cod_Dividido) values ('CU14', 'ST18');
insert into Cuadriculas (Cu_Cod, S_Cod_Dividido) values ('CU15', 'ST8');
insert into Cuadriculas (Cu_Cod, S_Cod_Dividido) values ('CU16', 'ST5');
insert into Cuadriculas (Cu_Cod, S_Cod_Dividido) values ('CU17', 'ST7');
insert into Cuadriculas (Cu_Cod, S_Cod_Dividido) values ('CU18', 'ST16');
insert into Cuadriculas (Cu_Cod, S_Cod_Dividido) values ('CU19', 'ST16');
insert into Cuadriculas (Cu_Cod, S_Cod_Dividido) values ('CU20', 'ST7');
insert into Cuadriculas (Cu_Cod, S_Cod_Dividido) values ('CU21', 'ST3');
insert into Cuadriculas (Cu_Cod, S_Cod_Dividido) values ('CU22', 'ST14');
insert into Cuadriculas (Cu_Cod, S_Cod_Dividido) values ('CU23', 'ST1');
insert into Cuadriculas (Cu_Cod, S_Cod_Dividido) values ('CU24', 'ST11');
insert into Cuadriculas (Cu_Cod, S_Cod_Dividido) values ('CU25', 'ST5');
insert into Cuadriculas (Cu_Cod, S_Cod_Dividido) values ('CU26', 'ST10');
insert into Cuadriculas (Cu_Cod, S_Cod_Dividido) values ('CU27', 'ST12');
insert into Cuadriculas (Cu_Cod, S_Cod_Dividido) values ('CU28', 'ST11');
insert into Cuadriculas (Cu_Cod, S_Cod_Dividido) values ('CU29', 'ST7');
insert into Cuadriculas (Cu_Cod, S_Cod_Dividido) values ('CU30', 'ST9');
insert into Cuadriculas (Cu_Cod, S_Cod_Dividido) values ('CU31', 'ST13');
insert into Cuadriculas (Cu_Cod, S_Cod_Dividido) values ('CU32', 'ST16');
insert into Cuadriculas (Cu_Cod, S_Cod_Dividido) values ('CU33', 'ST12');
insert into Cuadriculas (Cu_Cod, S_Cod_Dividido) values ('CU34', 'ST5');
insert into Cuadriculas (Cu_Cod, S_Cod_Dividido) values ('CU35', 'ST11');
insert into Cuadriculas (Cu_Cod, S_Cod_Dividido) values ('CU36', 'ST14');
insert into Cuadriculas (Cu_Cod, S_Cod_Dividido) values ('CU37', 'ST7');
insert into Cuadriculas (Cu_Cod, S_Cod_Dividido) values ('CU38', 'ST8');
insert into Cuadriculas (Cu_Cod, S_Cod_Dividido) values ('CU39', 'ST10');
insert into Cuadriculas (Cu_Cod, S_Cod_Dividido) values ('CU40', 'ST8');
insert into Cuadriculas (Cu_Cod, S_Cod_Dividido) values ('CU41', 'ST15');
insert into Cuadriculas (Cu_Cod, S_Cod_Dividido) values ('CU42', 'ST12');
insert into Cuadriculas (Cu_Cod, S_Cod_Dividido) values ('CU43', 'ST2');
insert into Cuadriculas (Cu_Cod, S_Cod_Dividido) values ('CU44', 'ST7');
insert into Cuadriculas (Cu_Cod, S_Cod_Dividido) values ('CU45', 'ST18');
insert into Cuadriculas (Cu_Cod, S_Cod_Dividido) values ('CU46', 'ST8');
insert into Cuadriculas (Cu_Cod, S_Cod_Dividido) values ('CU47', 'ST7');
insert into Cuadriculas (Cu_Cod, S_Cod_Dividido) values ('CU48', 'ST1');
insert into Cuadriculas (Cu_Cod, S_Cod_Dividido) values ('CU49', 'ST17');
insert into Cuadriculas (Cu_Cod, S_Cod_Dividido) values ('CU50', 'ST18');
insert into Cajas (Ca_Cod, Ca_Fecha, Ca_Lugar) values ('CA1', '24-07-2022', 'Zona6');
insert into Cajas (Ca_Cod, Ca_Fecha, Ca_Lugar) values ('CA2', '03-11-2022', 'Zona1');
insert into Cajas (Ca_Cod, Ca_Fecha, Ca_Lugar) values ('CA3', '11-08-2022', 'Zona7');
insert into Cajas (Ca_Cod, Ca_Fecha, Ca_Lugar) values ('CA4', '12-05-2022', 'Zona4');
insert into Cajas (Ca_Cod, Ca_Fecha, Ca_Lugar) values ('CA5', '30-06-2022', 'Zona3');
insert into Cajas (Ca_Cod, Ca_Fecha, Ca_Lugar) values ('CA6', '25-10-2022', 'Zona5');
insert into Cajas (Ca_Cod, Ca_Fecha, Ca_Lugar) values ('CA7', '15-06-2022', 'Zona3');
insert into Cajas (Ca_Cod, Ca_Fecha, Ca_Lugar) values ('CA8', '07-12-2022', 'Zona1');
insert into Cajas (Ca_Cod, Ca_Fecha, Ca_Lugar) values ('CA9', '03-02-2023', 'Zona8');
insert into Cajas (Ca_Cod, Ca_Fecha, Ca_Lugar) values ('CA10', '29-03-2023', 'Zona1');
insert into Cajas (Ca_Cod, Ca_Fecha, Ca_Lugar) values ('CA11', '07-04-2023', 'Zona2');
insert into Cajas (Ca_Cod, Ca_Fecha, Ca_Lugar) values ('CA12', '22-03-2023', 'Zona7');
insert into Cajas (Ca_Cod, Ca_Fecha, Ca_Lugar) values ('CA13', '09-01-2023', 'Zona3');
insert into Cajas (Ca_Cod, Ca_Fecha, Ca_Lugar) values ('CA14', '17-06-2022', 'Zona8');
insert into Cajas (Ca_Cod, Ca_Fecha, Ca_Lugar) values ('CA15', '16-08-2022', 'Zona10');
insert into Cajas (Ca_Cod, Ca_Fecha, Ca_Lugar) values ('CA16', '22-03-2023', 'Zona8');
insert into Cajas (Ca_Cod, Ca_Fecha, Ca_Lugar) values ('CA17', '22-10-2022', 'Zona1');
insert into Cajas (Ca_Cod, Ca_Fecha, Ca_Lugar) values ('CA18', '12-12-2022', 'Zona4');
insert into Cajas (Ca_Cod, Ca_Fecha, Ca_Lugar) values ('CA19', '30-04-2023', 'Zona4');
insert into Cajas (Ca_Cod, Ca_Fecha, Ca_Lugar) values ('CA20', '28-03-2023', 'Zona1');
insert into Cajas (Ca_Cod, Ca_Fecha, Ca_Lugar) values ('CA21', '24-03-2023', 'Zona4');
insert into Cajas (Ca_Cod, Ca_Fecha, Ca_Lugar) values ('CA22', '10-06-2022', 'Zona5');
insert into Cajas (Ca_Cod, Ca_Fecha, Ca_Lugar) values ('CA23', '25-05-2022', 'Zona7');
insert into Cajas (Ca_Cod, Ca_Fecha, Ca_Lugar) values ('CA24', '19-04-2023', 'Zona5');
insert into Cajas (Ca_Cod, Ca_Fecha, Ca_Lugar) values ('CA26', '17-04-2023', 'Zona7');
insert into Cajas (Ca_Cod, Ca_Fecha, Ca_Lugar) values ('CA25', '01-04-2023', 'Zona7');
insert into Personas (P_Dni, P_Nombre, P_Apellido, P_Email, P_Telefono) values (34975409, 'Englebert', 'Giggs', 'egiggs0@unblog.fr', '1836085564');
insert into Personas (P_Dni, P_Nombre, P_Apellido, P_Email, P_Telefono) values (77844209, 'Jordan', 'Callear', 'jcallear1@ed.gov', '6503126502');
insert into Personas (P_Dni, P_Nombre, P_Apellido, P_Email, P_Telefono) values (40417189, 'Benji', 'Colchett', 'bcolchett2@myspace.com', '2136409452');
insert into Personas (P_Dni, P_Nombre, P_Apellido, P_Email, P_Telefono) values (15269037, 'Jessa', 'Pennycook', 'jpennycook3@ebay.com', '1241706587');
insert into Personas (P_Dni, P_Nombre, P_Apellido, P_Email, P_Telefono) values (11790016, 'Mary', 'Burkart', 'mburkart4@hhs.gov', '6303516894');
insert into Personas (P_Dni, P_Nombre, P_Apellido, P_Email, P_Telefono) values (7422764, 'Jacky', 'Allwood', 'jallwood5@godaddy.com', '6198786633');
insert into Personas (P_Dni, P_Nombre, P_Apellido, P_Email, P_Telefono) values (22718194, 'Parry', 'Lanchberry', 'planchberry6@cmu.edu', '8032544421');
insert into Personas (P_Dni, P_Nombre, P_Apellido, P_Email, P_Telefono) values (84021424, 'Si', 'Tackell', 'stackell7@mit.edu', '3256870843');
insert into Personas (P_Dni, P_Nombre, P_Apellido, P_Email, P_Telefono) values (16823037, 'Ado', 'Goldstraw', 'agoldstraw8@a8.net', '1798329827');
insert into Personas (P_Dni, P_Nombre, P_Apellido, P_Email, P_Telefono) values (84005629, 'Evyn', 'De Blase', 'edeblase9@dedecms.com', '9943545249');
insert into Objetos (O_Cod, O_Nombre, O_Tipoextraccion, O_Alto, O_Largo, O_Espesor, O_Peso, O_Cantidad, O_Fecharegistro, O_Descripcion, O_Origen, CU_Cod_Asocia, CA_Cod_Contiene, P_Dni_Ingresa, O_Es) values ('OBJ1', 'Hacha de piedra pulida', 'Sondeo', 9.34, 9.72, 4.77, 6.02, 56, '22-09-2022', 'Conjunc/lid adhesiolysis', 'Cultura Natufiense', 'CU27', 'CA6', 15269037, 'L');
insert into Objetos (O_Cod, O_Nombre, O_Tipoextraccion, O_Alto, O_Largo, O_Espesor, O_Peso, O_Cantidad, O_Fecharegistro, O_Descripcion, O_Origen, CU_Cod_Asocia, CA_Cod_Contiene, P_Dni_Ingresa, O_Es) values ('OBJ2', 'Cuchillo de obsidiana', 'Sondeo', 1.52, 5.04, 1.37, 6.55, 27, '17-10-2022', 'C-vasc scan/isotop funct', 'Cultura Acheulense', 'CU23', 'CA11', 84021424, 'L');
insert into Objetos (O_Cod, O_Nombre, O_Tipoextraccion, O_Alto, O_Largo, O_Espesor, O_Peso, O_Cantidad, O_Fecharegistro, O_Descripcion, O_Origen, CU_Cod_Asocia, CA_Cod_Contiene, P_Dni_Ingresa, O_Es) values ('OBJ3', 'Punta de flecha de sílex', 'Análisis de superficie', 5.77, 7.08, 3.68, 4.5, 76, '24-08-2022', 'Inc soft tissue hand NEC', 'Cultura Clovis', 'CU35', 'CA11', 11790016, 'L');
insert into Objetos (O_Cod, O_Nombre, O_Tipoextraccion, O_Alto, O_Largo, O_Espesor, O_Peso, O_Cantidad, O_Fecharegistro, O_Descripcion, O_Origen, CU_Cod_Asocia, CA_Cod_Contiene, P_Dni_Ingresa, O_Es) values ('OBJ4', 'Martillo de piedra', 'Prospección geofísica', 6.29, 5.68, 8.94, 4.3, 72, '27-01-2023', 'Root canal w irrigation', 'Cultura Maya', 'CU36', 'CA16', 22718194, 'C');
insert into Objetos (O_Cod, O_Nombre, O_Tipoextraccion, O_Alto, O_Largo, O_Espesor, O_Peso, O_Cantidad, O_Fecharegistro, O_Descripcion, O_Origen, CU_Cod_Asocia, CA_Cod_Contiene, P_Dni_Ingresa, O_Es) values ('OBJ5', 'Mortero de piedra para moler', 'Levantamiento arqueológico', 1.15, 2.41, 1.63, 3.0, 6, '09-04-2023', 'Tendon excision for grft', 'Cultura Moche', 'CU42', 'CA23', 11790016, 'L');
insert into Objetos (O_Cod, O_Nombre, O_Tipoextraccion, O_Alto, O_Largo, O_Espesor, O_Peso, O_Cantidad, O_Fecharegistro, O_Descripcion, O_Origen, CU_Cod_Asocia, CA_Cod_Contiene, P_Dni_Ingresa, O_Es) values ('OBJ6', 'Azuela de piedra', 'Sondeo', 7.48, 3.97, 8.06, 9.26, 82, '06-01-2023', 'Closed renal biopsy', 'Cultura Natufiense', 'CU46', 'CA25', 11790016, 'C');
insert into Objetos (O_Cod, O_Nombre, O_Tipoextraccion, O_Alto, O_Largo, O_Espesor, O_Peso, O_Cantidad, O_Fecharegistro, O_Descripcion, O_Origen, CU_Cod_Asocia, CA_Cod_Contiene, P_Dni_Ingresa, O_Es) values ('OBJ7', 'Cincel de piedra', 'Prospección geofísica', 6.22, 8.33, 9.88, 5.18, 48, '04-09-2022', 'Micro exam-uppr urin NEC', 'Cultura Moche', 'CU11', 'CA14', 16823037, 'C');
insert into Objetos (O_Cod, O_Nombre, O_Tipoextraccion, O_Alto, O_Largo, O_Espesor, O_Peso, O_Cantidad, O_Fecharegistro, O_Descripcion, O_Origen, CU_Cod_Asocia, CA_Cod_Contiene, P_Dni_Ingresa, O_Es) values ('OBJ8', 'Muela de mano de piedra', 'Análisis de superficie', 6.61, 1.55, 6.16, 3.57, 64, '20-06-2022', 'Diphtheria toxoid admin', 'Cultura Moche', 'CU15', 'CA9', 84021424, 'L');
insert into Objetos (O_Cod, O_Nombre, O_Tipoextraccion, O_Alto, O_Largo, O_Espesor, O_Peso, O_Cantidad, O_Fecharegistro, O_Descripcion, O_Origen, CU_Cod_Asocia, CA_Cod_Contiene, P_Dni_Ingresa, O_Es) values ('OBJ9', 'Piedra de afilar', 'Sondeo', 5.96, 8.64, 7.03, 9.52, 74, '12-01-2023', 'Vag reconst w grft/pros', 'Cultura Neolítica', 'CU33', 'CA13', 22718194, 'C');
insert into Objetos (O_Cod, O_Nombre, O_Tipoextraccion, O_Alto, O_Largo, O_Espesor, O_Peso, O_Cantidad, O_Fecharegistro, O_Descripcion, O_Origen, CU_Cod_Asocia, CA_Cod_Contiene, P_Dni_Ingresa, O_Es) values ('OBJ10', 'Hacha de mano de piedra', 'Análisis de superficie', 8.57, 5.87, 2.73, 5.45, 80, '11-03-2023', 'Ventricl shunt-abdomen', 'Cultura Jomon', 'CU8', 'CA18', 40417189, 'C');
insert into Objetos (O_Cod, O_Nombre, O_Tipoextraccion, O_Alto, O_Largo, O_Espesor, O_Peso, O_Cantidad, O_Fecharegistro, O_Descripcion, O_Origen, CU_Cod_Asocia, CA_Cod_Contiene, P_Dni_Ingresa, O_Es) values ('OBJ11', 'Olla de barro', 'Levantamiento arqueológico', 8.39, 6.75, 3.44, 2.07, 74, '23-12-2022', 'Repair eyeball rupture', 'Cultura Neolítica', 'CU26', 'CA20', 22718194, 'C');
insert into Objetos (O_Cod, O_Nombre, O_Tipoextraccion, O_Alto, O_Largo, O_Espesor, O_Peso, O_Cantidad, O_Fecharegistro, O_Descripcion, O_Origen, CU_Cod_Asocia, CA_Cod_Contiene, P_Dni_Ingresa, O_Es) values ('OBJ12', 'Plato de cerámica', 'Sondeo', 4.6, 9.84, 6.04, 4.87, 67, '14-08-2022', 'Open robotic assist proc', 'Cultura Natufiense', 'CU2', 'CA24', 40417189, 'C');
insert into Objetos (O_Cod, O_Nombre, O_Tipoextraccion, O_Alto, O_Largo, O_Espesor, O_Peso, O_Cantidad, O_Fecharegistro, O_Descripcion, O_Origen, CU_Cod_Asocia, CA_Cod_Contiene, P_Dni_Ingresa, O_Es) values ('OBJ13', 'Cuenco de cerámica', 'Sondeo', 3.23, 8.16, 9.14, 7.6, 85, '30-06-2022', 'Simple suture of dura', 'Cultura Jomon', 'CU46', 'CA17', 22718194, 'C');
insert into Objetos (O_Cod, O_Nombre, O_Tipoextraccion, O_Alto, O_Largo, O_Espesor, O_Peso, O_Cantidad, O_Fecharegistro, O_Descripcion, O_Origen, CU_Cod_Asocia, CA_Cod_Contiene, P_Dni_Ingresa, O_Es) values ('OBJ14', 'Vasija de cerámica', 'Sondeo', 2.2, 3.86, 6.15, 3.41, 88, '16-10-2022', 'Glaucoma testing', 'Cultura Moche', 'CU18', 'CA12', 40417189, 'C');
insert into Objetos (O_Cod, O_Nombre, O_Tipoextraccion, O_Alto, O_Largo, O_Espesor, O_Peso, O_Cantidad, O_Fecharegistro, O_Descripcion, O_Origen, CU_Cod_Asocia, CA_Cod_Contiene, P_Dni_Ingresa, O_Es) values ('OBJ15', 'Jarro de cerámica', 'Prospección geofísica', 8.14, 9.06, 4.63, 2.14, 88, '30-12-2022', 'Fetal pulse oximetry', 'Cultura Jomon', 'CU2', 'CA3', 77844209, 'L');
insert into Objetos (O_Cod, O_Nombre, O_Tipoextraccion, O_Alto, O_Largo, O_Espesor, O_Peso, O_Cantidad, O_Fecharegistro, O_Descripcion, O_Origen, CU_Cod_Asocia, CA_Cod_Contiene, P_Dni_Ingresa, O_Es) values ('OBJ16', 'Figurilla de cerámica', 'Sondeo', 4.48, 9.02, 7.6, 7.22, 34, '16-02-2023', 'Magnet removal cornea FB', 'Cultura Moche', 'CU7', 'CA24', 34975409, 'C');
insert into Objetos (O_Cod, O_Nombre, O_Tipoextraccion, O_Alto, O_Largo, O_Espesor, O_Peso, O_Cantidad, O_Fecharegistro, O_Descripcion, O_Origen, CU_Cod_Asocia, CA_Cod_Contiene, P_Dni_Ingresa, O_Es) values ('OBJ17', 'Estatuilla de cerámica', 'Sondeo', 9.91, 5.46, 6.18, 2.95, 16, '09-03-2023', 'Parathyroid scan', 'Cultura Acheulense', 'CU21', 'CA15', 16823037, 'C');
insert into Objetos (O_Cod, O_Nombre, O_Tipoextraccion, O_Alto, O_Largo, O_Espesor, O_Peso, O_Cantidad, O_Fecharegistro, O_Descripcion, O_Origen, CU_Cod_Asocia, CA_Cod_Contiene, P_Dni_Ingresa, O_Es) values ('OBJ18', 'Jarron de cerámica', 'Excavación', 5.16, 9.87, 2.43, 6.03, 57, '18-01-2023', 'Bowel diagnost proc NEC', 'Cultura Natufiense', 'CU26', 'CA22', 34975409, 'L');
insert into Objetos (O_Cod, O_Nombre, O_Tipoextraccion, O_Alto, O_Largo, O_Espesor, O_Peso, O_Cantidad, O_Fecharegistro, O_Descripcion, O_Origen, CU_Cod_Asocia, CA_Cod_Contiene, P_Dni_Ingresa, O_Es) values ('OBJ19', 'Tazon de cerámica', 'Sondeo', 5.43, 9.71, 9.86, 4.99, 75, '10-02-2023', 'Peritoneal lavage', 'Cultura Clovis', 'CU20', 'CA3', 11790016, 'C');
insert into Objetos (O_Cod, O_Nombre, O_Tipoextraccion, O_Alto, O_Largo, O_Espesor, O_Peso, O_Cantidad, O_Fecharegistro, O_Descripcion, O_Origen, CU_Cod_Asocia, CA_Cod_Contiene, P_Dni_Ingresa, O_Es) values ('OBJ20', 'Cántaro de cerámica', 'Levantamiento arqueológico', 2.55, 3.4, 2.37, 2.91, 53, '16-07-2022', 'Hemorrhage control NOS', 'Cultura Acheulense', 'CU19', 'CA18', 84005629, 'L');
insert into Objetos (O_Cod, O_Nombre, O_Tipoextraccion, O_Alto, O_Largo, O_Espesor, O_Peso, O_Cantidad, O_Fecharegistro, O_Descripcion, O_Origen, CU_Cod_Asocia, CA_Cod_Contiene, P_Dni_Ingresa, O_Es) values ('OBJ21', 'Hacha de piedra pulida', 'Prospección geofísica', 3.93, 8.4, 4.76, 3.09, 41, '16-07-2022', 'Implt cochlear prost NOS', 'Cultura Neolítica', 'CU26', 'CA2', 34975409, 'L');
insert into Objetos (O_Cod, O_Nombre, O_Tipoextraccion, O_Alto, O_Largo, O_Espesor, O_Peso, O_Cantidad, O_Fecharegistro, O_Descripcion, O_Origen, CU_Cod_Asocia, CA_Cod_Contiene, P_Dni_Ingresa, O_Es) values ('OBJ22', 'Cuchillo de obsidiana', 'Levantamiento arqueológico', 7.71, 5.46, 1.25, 4.84, 47, '18-10-2022', 'Lid recons entropion rep', 'Cultura Neolítica', 'CU11', 'CA8', 15269037, 'C');
insert into Objetos (O_Cod, O_Nombre, O_Tipoextraccion, O_Alto, O_Largo, O_Espesor, O_Peso, O_Cantidad, O_Fecharegistro, O_Descripcion, O_Origen, CU_Cod_Asocia, CA_Cod_Contiene, P_Dni_Ingresa, O_Es) values ('OBJ23', 'Punta de flecha de sílex', 'Análisis de superficie', 9.35, 3.93, 5.75, 5.89, 7, '01-03-2023', 'Cruciate lig repair NEC', 'Cultura Natufiense', 'CU22', 'CA9', 84021424, 'L');
insert into Objetos (O_Cod, O_Nombre, O_Tipoextraccion, O_Alto, O_Largo, O_Espesor, O_Peso, O_Cantidad, O_Fecharegistro, O_Descripcion, O_Origen, CU_Cod_Asocia, CA_Cod_Contiene, P_Dni_Ingresa, O_Es) values ('OBJ24', 'Martillo de piedra', 'Levantamiento arqueológico', 1.28, 7.89, 4.5, 1.48, 13, '02-05-2023', 'Anesth inject-spin canal', 'Cultura Clovis', 'CU22', 'CA13', 16823037, 'L');
insert into Objetos (O_Cod, O_Nombre, O_Tipoextraccion, O_Alto, O_Largo, O_Espesor, O_Peso, O_Cantidad, O_Fecharegistro, O_Descripcion, O_Origen, CU_Cod_Asocia, CA_Cod_Contiene, P_Dni_Ingresa, O_Es) values ('OBJ25', 'Mortero de piedra para moler', 'Excavación', 6.12, 1.39, 9.65, 1.04, 7, '28-05-2022', 'Vagin/cul-de-sac dx NEC', 'Cultura Clovis', 'CU11', 'CA9', 84021424, 'C');
insert into Objetos (O_Cod, O_Nombre, O_Tipoextraccion, O_Alto, O_Largo, O_Espesor, O_Peso, O_Cantidad, O_Fecharegistro, O_Descripcion, O_Origen, CU_Cod_Asocia, CA_Cod_Contiene, P_Dni_Ingresa, O_Es) values ('OBJ26', 'Azuela de piedra', 'Sondeo', 9.0, 4.85, 9.0, 7.91, 45, '14-04-2023', 'Bronch/trach lavage NEC', 'Cultura Natufiense', 'CU50', 'CA18', 34975409, 'L');
insert into Objetos (O_Cod, O_Nombre, O_Tipoextraccion, O_Alto, O_Largo, O_Espesor, O_Peso, O_Cantidad, O_Fecharegistro, O_Descripcion, O_Origen, CU_Cod_Asocia, CA_Cod_Contiene, P_Dni_Ingresa, O_Es) values ('OBJ27', 'Cincel de piedra', 'Prospección geofísica', 1.5, 6.56, 5.16, 3.89, 34, '21-05-2022', 'Remove ocular implant', 'Cultura Acheulense', 'CU42', 'CA23', 84021424, 'C');
insert into Objetos (O_Cod, O_Nombre, O_Tipoextraccion, O_Alto, O_Largo, O_Espesor, O_Peso, O_Cantidad, O_Fecharegistro, O_Descripcion, O_Origen, CU_Cod_Asocia, CA_Cod_Contiene, P_Dni_Ingresa, O_Es) values ('OBJ28', 'Muela de mano de piedra', 'Análisis de superficie', 5.4, 4.98, 3.73, 1.66, 49, '25-12-2022', 'Attach pedicle to hand', 'Cultura Acheulense', 'CU10', 'CA18', 34975409, 'L');
insert into Objetos (O_Cod, O_Nombre, O_Tipoextraccion, O_Alto, O_Largo, O_Espesor, O_Peso, O_Cantidad, O_Fecharegistro, O_Descripcion, O_Origen, CU_Cod_Asocia, CA_Cod_Contiene, P_Dni_Ingresa, O_Es) values ('OBJ29', 'Piedra de afilar', 'Excavación', 7.73, 9.29, 4.18, 3.18, 68, '03-01-2023', 'Tooth restorat by inlay', 'Cultura Jomon', 'CU38', 'CA20', 77844209, 'L');
insert into Objetos (O_Cod, O_Nombre, O_Tipoextraccion, O_Alto, O_Largo, O_Espesor, O_Peso, O_Cantidad, O_Fecharegistro, O_Descripcion, O_Origen, CU_Cod_Asocia, CA_Cod_Contiene, P_Dni_Ingresa, O_Es) values ('OBJ30', 'Hacha de mano de piedra', 'Prospección geofísica', 4.16, 7.05, 6.69, 9.01, 53, '31-08-2022', 'Ureteral meatus dilation', 'Cultura Moche', 'CU48', 'CA11', 84021424, 'L');
insert into Objetos (O_Cod, O_Nombre, O_Tipoextraccion, O_Alto, O_Largo, O_Espesor, O_Peso, O_Cantidad, O_Fecharegistro, O_Descripcion, O_Origen, CU_Cod_Asocia, CA_Cod_Contiene, P_Dni_Ingresa, O_Es) values ('OBJ31', 'Olla de barro', 'Análisis de superficie', 1.41, 1.35, 8.17, 2.1, 60, '16-08-2022', 'C & s-lower GI', 'Cultura Neolítica', 'CU34', 'CA24', 15269037, 'C');
insert into Objetos (O_Cod, O_Nombre, O_Tipoextraccion, O_Alto, O_Largo, O_Espesor, O_Peso, O_Cantidad, O_Fecharegistro, O_Descripcion, O_Origen, CU_Cod_Asocia, CA_Cod_Contiene, P_Dni_Ingresa, O_Es) values ('OBJ32', 'Plato de cerámica', 'Sondeo', 3.04, 1.46, 9.79, 4.44, 70, '28-04-2023', 'Lid marg recon-part thic', 'Cultura Neolítica', 'CU4', 'CA12', 11790016, 'L');
insert into Objetos (O_Cod, O_Nombre, O_Tipoextraccion, O_Alto, O_Largo, O_Espesor, O_Peso, O_Cantidad, O_Fecharegistro, O_Descripcion, O_Origen, CU_Cod_Asocia, CA_Cod_Contiene, P_Dni_Ingresa, O_Es) values ('OBJ33', 'Cuenco de cerámica', 'Prospección geofísica', 9.31, 8.55, 1.65, 7.79, 48, '09-09-2022', 'Lap gastroenterostomy', 'Cultura Neolítica', 'CU50', 'CA16', 22718194, 'L');
insert into Objetos (O_Cod, O_Nombre, O_Tipoextraccion, O_Alto, O_Largo, O_Espesor, O_Peso, O_Cantidad, O_Fecharegistro, O_Descripcion, O_Origen, CU_Cod_Asocia, CA_Cod_Contiene, P_Dni_Ingresa, O_Es) values ('OBJ34', 'Vasija de cerámica', 'Sondeo', 5.61, 7.86, 9.41, 7.9, 11, '04-09-2022', 'Remov intrauterine pack', 'Cultura Maya', 'CU22', 'CA8', 11790016, 'C');
insert into Objetos (O_Cod, O_Nombre, O_Tipoextraccion, O_Alto, O_Largo, O_Espesor, O_Peso, O_Cantidad, O_Fecharegistro, O_Descripcion, O_Origen, CU_Cod_Asocia, CA_Cod_Contiene, P_Dni_Ingresa, O_Es) values ('OBJ35', 'Jarro de cerámica', 'Prospección geofísica', 2.58, 4.91, 6.68, 1.09, 61, '26-10-2022', 'Salivary duct probing', 'Cultura Jomon', 'CU44', 'CA22', 22718194, 'C');
insert into Objetos (O_Cod, O_Nombre, O_Tipoextraccion, O_Alto, O_Largo, O_Espesor, O_Peso, O_Cantidad, O_Fecharegistro, O_Descripcion, O_Origen, CU_Cod_Asocia, CA_Cod_Contiene, P_Dni_Ingresa, O_Es) values ('OBJ36', 'Figurilla de cerámica', 'Análisis de superficie', 8.5, 8.55, 4.48, 6.56, 32, '31-01-2023', 'Debrid opn fx-finger', 'Cultura Neolítica', 'CU8', 'CA1', 34975409, 'C');
insert into Objetos (O_Cod, O_Nombre, O_Tipoextraccion, O_Alto, O_Largo, O_Espesor, O_Peso, O_Cantidad, O_Fecharegistro, O_Descripcion, O_Origen, CU_Cod_Asocia, CA_Cod_Contiene, P_Dni_Ingresa, O_Es) values ('OBJ37', 'Estatuilla de cerámica', 'Prospección geofísica', 5.91, 3.68, 4.24, 1.37, 19, '12-11-2022', 'Lmb/lmbsac fus post/post', 'Cultura Natufiense', 'CU9', 'CA14', 40417189, 'L');
insert into Objetos (O_Cod, O_Nombre, O_Tipoextraccion, O_Alto, O_Largo, O_Espesor, O_Peso, O_Cantidad, O_Fecharegistro, O_Descripcion, O_Origen, CU_Cod_Asocia, CA_Cod_Contiene, P_Dni_Ingresa, O_Es) values ('OBJ38', 'Jarron de cerámica', 'Prospección geofísica', 3.93, 8.53, 9.77, 7.63, 32, '11-10-2022', 'Oth arthrotomy-shoulder', 'Cultura Acheulense', 'CU49', 'CA9', 77844209, 'C');
insert into Objetos (O_Cod, O_Nombre, O_Tipoextraccion, O_Alto, O_Largo, O_Espesor, O_Peso, O_Cantidad, O_Fecharegistro, O_Descripcion, O_Origen, CU_Cod_Asocia, CA_Cod_Contiene, P_Dni_Ingresa, O_Es) values ('OBJ39', 'Tazon de cerámica', 'Excavación', 1.38, 6.63, 8.98, 8.76, 77, '19-10-2022', 'Exc ectopic breast tissu', 'Cultura Clovis', 'CU29', 'CA20', 40417189, 'C');
insert into Objetos (O_Cod, O_Nombre, O_Tipoextraccion, O_Alto, O_Largo, O_Espesor, O_Peso, O_Cantidad, O_Fecharegistro, O_Descripcion, O_Origen, CU_Cod_Asocia, CA_Cod_Contiene, P_Dni_Ingresa, O_Es) values ('OBJ40', 'Cántaro de cerámica', 'Análisis de superficie', 8.34, 7.02, 1.17, 9.76, 52, '21-12-2022', 'Routine psychiat visit', 'Cultura Jomon', 'CU2', 'CA7', 40417189, 'C');
insert into Objetos (O_Cod, O_Nombre, O_Tipoextraccion, O_Alto, O_Largo, O_Espesor, O_Peso, O_Cantidad, O_Fecharegistro, O_Descripcion, O_Origen, CU_Cod_Asocia, CA_Cod_Contiene, P_Dni_Ingresa, O_Es) values ('OBJ41', 'Hacha de piedra pulida', 'Levantamiento arqueológico', 7.39, 2.95, 5.73, 6.24, 31, '08-06-2022', 'Atria septa def rep NEC', 'Cultura Natufiense', 'CU48', 'CA12', 77844209, 'L');
insert into Objetos (O_Cod, O_Nombre, O_Tipoextraccion, O_Alto, O_Largo, O_Espesor, O_Peso, O_Cantidad, O_Fecharegistro, O_Descripcion, O_Origen, CU_Cod_Asocia, CA_Cod_Contiene, P_Dni_Ingresa, O_Es) values ('OBJ42', 'Cuchillo de obsidiana', 'Levantamiento arqueológico', 3.91, 2.64, 2.14, 7.03, 23, '12-11-2022', 'Orchiopexy', 'Cultura Clovis', 'CU49', 'CA12', 7422764, 'C');
insert into Objetos (O_Cod, O_Nombre, O_Tipoextraccion, O_Alto, O_Largo, O_Espesor, O_Peso, O_Cantidad, O_Fecharegistro, O_Descripcion, O_Origen, CU_Cod_Asocia, CA_Cod_Contiene, P_Dni_Ingresa, O_Es) values ('OBJ43', 'Punta de flecha de sílex', 'Análisis de superficie', 4.32, 8.5, 8.81, 9.8, 59, '19-05-2022', 'Hand synovectomy', 'Cultura Natufiense', 'CU18', 'CA9', 77844209, 'L');
insert into Objetos (O_Cod, O_Nombre, O_Tipoextraccion, O_Alto, O_Largo, O_Espesor, O_Peso, O_Cantidad, O_Fecharegistro, O_Descripcion, O_Origen, CU_Cod_Asocia, CA_Cod_Contiene, P_Dni_Ingresa, O_Es) values ('OBJ44', 'Martillo de piedra', 'Prospección geofísica', 9.12, 2.01, 8.15, 7.12, 82, '18-07-2022', 'Vessel resect/replac NOS', 'Cultura Clovis', 'CU47', 'CA9', 22718194, 'L');
insert into Objetos (O_Cod, O_Nombre, O_Tipoextraccion, O_Alto, O_Largo, O_Espesor, O_Peso, O_Cantidad, O_Fecharegistro, O_Descripcion, O_Origen, CU_Cod_Asocia, CA_Cod_Contiene, P_Dni_Ingresa, O_Es) values ('OBJ45', 'Mortero de piedra para moler', 'Levantamiento arqueológico', 5.69, 8.6, 6.19, 8.64, 26, '05-03-2023', 'Evac ob hemat vulva/vag', 'Cultura Moche', 'CU14', 'CA24', 7422764, 'L');
insert into Objetos (O_Cod, O_Nombre, O_Tipoextraccion, O_Alto, O_Largo, O_Espesor, O_Peso, O_Cantidad, O_Fecharegistro, O_Descripcion, O_Origen, CU_Cod_Asocia, CA_Cod_Contiene, P_Dni_Ingresa, O_Es) values ('OBJ46', 'Azuela de piedra', 'Análisis de superficie', 2.01, 8.04, 5.58, 3.26, 23, '08-08-2022', 'Incision of uvula', 'Cultura Maya', 'CU31', 'CA6', 11790016, 'C');
insert into Objetos (O_Cod, O_Nombre, O_Tipoextraccion, O_Alto, O_Largo, O_Espesor, O_Peso, O_Cantidad, O_Fecharegistro, O_Descripcion, O_Origen, CU_Cod_Asocia, CA_Cod_Contiene, P_Dni_Ingresa, O_Es) values ('OBJ47', 'Cincel de piedra', 'Levantamiento arqueológico', 2.18, 7.59, 6.02, 6.9, 91, '26-05-2022', 'Ext ear diagnos proc NEC', 'Cultura Jomon', 'CU43', 'CA2', 16823037, 'L');
insert into Objetos (O_Cod, O_Nombre, O_Tipoextraccion, O_Alto, O_Largo, O_Espesor, O_Peso, O_Cantidad, O_Fecharegistro, O_Descripcion, O_Origen, CU_Cod_Asocia, CA_Cod_Contiene, P_Dni_Ingresa, O_Es) values ('OBJ48', 'Muela de mano de piedra', 'Prospección geofísica', 9.1, 9.55, 4.02, 9.85, 23, '26-03-2023', 'Saliv glnd dx proc NEC', 'Cultura Clovis', 'CU8', 'CA23', 16823037, 'L');
insert into Objetos (O_Cod, O_Nombre, O_Tipoextraccion, O_Alto, O_Largo, O_Espesor, O_Peso, O_Cantidad, O_Fecharegistro, O_Descripcion, O_Origen, CU_Cod_Asocia, CA_Cod_Contiene, P_Dni_Ingresa, O_Es) values ('OBJ49', 'Piedra de afilar', 'Análisis de superficie', 9.29, 3.28, 6.79, 9.42, 77, '02-04-2023', 'Cystotomy & adhesiolysis', 'Cultura Natufiense', 'CU15', 'CA20', 77844209, 'C');
insert into Objetos (O_Cod, O_Nombre, O_Tipoextraccion, O_Alto, O_Largo, O_Espesor, O_Peso, O_Cantidad, O_Fecharegistro, O_Descripcion, O_Origen, CU_Cod_Asocia, CA_Cod_Contiene, P_Dni_Ingresa, O_Es) values ('OBJ50', 'Hacha de mano de piedra', 'Levantamiento arqueológico', 8.54, 5.24, 9.1, 9.89, 18, '21-01-2023', 'Vaginal obliteration', 'Cultura Natufiense', 'CU27', 'CA18', 84021424, 'C');
insert into Objetos (O_Cod, O_Nombre, O_Tipoextraccion, O_Alto, O_Largo, O_Espesor, O_Peso, O_Cantidad, O_Fecharegistro, O_Descripcion, O_Origen, CU_Cod_Asocia, CA_Cod_Contiene, P_Dni_Ingresa, O_Es) values ('OBJ51', 'Olla de barro', 'Excavación', 8.92, 4.79, 5.95, 4.26, 33, '02-10-2022', 'Ureteroscopy', 'Cultura Jomon', 'CU1', 'CA12', 22718194, 'C');
insert into Objetos (O_Cod, O_Nombre, O_Tipoextraccion, O_Alto, O_Largo, O_Espesor, O_Peso, O_Cantidad, O_Fecharegistro, O_Descripcion, O_Origen, CU_Cod_Asocia, CA_Cod_Contiene, P_Dni_Ingresa, O_Es) values ('OBJ52', 'Plato de cerámica', 'Prospección geofísica', 3.03, 1.67, 8.57, 3.08, 27, '19-04-2023', 'Rad excis ext ear les', 'Cultura Maya', 'CU23', 'CA20', 84005629, 'L');
insert into Objetos (O_Cod, O_Nombre, O_Tipoextraccion, O_Alto, O_Largo, O_Espesor, O_Peso, O_Cantidad, O_Fecharegistro, O_Descripcion, O_Origen, CU_Cod_Asocia, CA_Cod_Contiene, P_Dni_Ingresa, O_Es) values ('OBJ53', 'Cuenco de cerámica', 'Análisis de superficie', 6.43, 8.29, 9.72, 6.87, 33, '18-12-2022', 'Arth/pros rem wo rep-hip', 'Cultura Moche', 'CU12', 'CA5', 84021424, 'C');
insert into Objetos (O_Cod, O_Nombre, O_Tipoextraccion, O_Alto, O_Largo, O_Espesor, O_Peso, O_Cantidad, O_Fecharegistro, O_Descripcion, O_Origen, CU_Cod_Asocia, CA_Cod_Contiene, P_Dni_Ingresa, O_Es) values ('OBJ54', 'Vasija de cerámica', 'Excavación', 5.85, 1.94, 6.93, 5.33, 67, '17-08-2022', 'Orbitotomy w bone flap', 'Cultura Clovis', 'CU25', 'CA14', 84021424, 'L');
insert into Objetos (O_Cod, O_Nombre, O_Tipoextraccion, O_Alto, O_Largo, O_Espesor, O_Peso, O_Cantidad, O_Fecharegistro, O_Descripcion, O_Origen, CU_Cod_Asocia, CA_Cod_Contiene, P_Dni_Ingresa, O_Es) values ('OBJ55', 'Jarro de cerámica', 'Análisis de superficie', 9.35, 1.59, 10.0, 8.68, 11, '02-07-2022', 'Remov urin drainage NEC', 'Cultura Maya', 'CU19', 'CA12', 84005629, 'L');
insert into Objetos (O_Cod, O_Nombre, O_Tipoextraccion, O_Alto, O_Largo, O_Espesor, O_Peso, O_Cantidad, O_Fecharegistro, O_Descripcion, O_Origen, CU_Cod_Asocia, CA_Cod_Contiene, P_Dni_Ingresa, O_Es) values ('OBJ56', 'Figurilla de cerámica', 'Análisis de superficie', 4.88, 8.07, 4.48, 1.15, 13, '12-09-2022', 'Cord bld stem cell trans', 'Cultura Neolítica', 'CU37', 'CA19', 34975409, 'C');
insert into Objetos (O_Cod, O_Nombre, O_Tipoextraccion, O_Alto, O_Largo, O_Espesor, O_Peso, O_Cantidad, O_Fecharegistro, O_Descripcion, O_Origen, CU_Cod_Asocia, CA_Cod_Contiene, P_Dni_Ingresa, O_Es) values ('OBJ57', 'Estatuilla de cerámica', 'Excavación', 1.81, 4.46, 9.55, 9.02, 53, '24-03-2023', 'Total knee replacement', 'Cultura Neolítica', 'CU30', 'CA11', 84005629, 'C');
insert into Objetos (O_Cod, O_Nombre, O_Tipoextraccion, O_Alto, O_Largo, O_Espesor, O_Peso, O_Cantidad, O_Fecharegistro, O_Descripcion, O_Origen, CU_Cod_Asocia, CA_Cod_Contiene, P_Dni_Ingresa, O_Es) values ('OBJ58', 'Jarron de cerámica', 'Levantamiento arqueológico', 3.0, 2.0, 6.49, 6.83, 68, '04-05-2022', 'Contrast x-ray of orbit', 'Cultura Natufiense', 'CU5', 'CA11', 84021424, 'C');
insert into Objetos (O_Cod, O_Nombre, O_Tipoextraccion, O_Alto, O_Largo, O_Espesor, O_Peso, O_Cantidad, O_Fecharegistro, O_Descripcion, O_Origen, CU_Cod_Asocia, CA_Cod_Contiene, P_Dni_Ingresa, O_Es) values ('OBJ59', 'Tazon de cerámica', 'Sondeo', 8.91, 2.37, 7.7, 1.81, 90, '30-12-2022', 'Insert tissue expander', 'Cultura Maya', 'CU24', 'CA1', 15269037, 'L');
insert into Objetos (O_Cod, O_Nombre, O_Tipoextraccion, O_Alto, O_Largo, O_Espesor, O_Peso, O_Cantidad, O_Fecharegistro, O_Descripcion, O_Origen, CU_Cod_Asocia, CA_Cod_Contiene, P_Dni_Ingresa, O_Es) values ('OBJ60', 'Cántaro de cerámica', 'Análisis de superficie', 6.02, 1.56, 4.51, 4.18, 55, '08-10-2022', 'Remov intralum pharyn FB', 'Cultura Jomon', 'CU27', 'CA21', 84005629, 'C');
insert into Objetos (O_Cod, O_Nombre, O_Tipoextraccion, O_Alto, O_Largo, O_Espesor, O_Peso, O_Cantidad, O_Fecharegistro, O_Descripcion, O_Origen, CU_Cod_Asocia, CA_Cod_Contiene, P_Dni_Ingresa, O_Es) values ('OBJ61', 'Hacha de piedra pulida', 'Análisis de superficie', 1.86, 4.93, 5.84, 9.52, 88, '25-04-2023', 'Perc abltn lung les/tiss', 'Cultura Natufiense', 'CU1', 'CA19', 77844209, 'C');
insert into Objetos (O_Cod, O_Nombre, O_Tipoextraccion, O_Alto, O_Largo, O_Espesor, O_Peso, O_Cantidad, O_Fecharegistro, O_Descripcion, O_Origen, CU_Cod_Asocia, CA_Cod_Contiene, P_Dni_Ingresa, O_Es) values ('OBJ62', 'Cuchillo de obsidiana', 'Sondeo', 5.05, 3.94, 1.3, 3.89, 21, '10-03-2023', 'Skel xray-elbow/forearm', 'Cultura Moche', 'CU33', 'CA9', 16823037, 'C');
insert into Objetos (O_Cod, O_Nombre, O_Tipoextraccion, O_Alto, O_Largo, O_Espesor, O_Peso, O_Cantidad, O_Fecharegistro, O_Descripcion, O_Origen, CU_Cod_Asocia, CA_Cod_Contiene, P_Dni_Ingresa, O_Es) values ('OBJ63', 'Punta de flecha de sílex', 'Análisis de superficie', 1.34, 2.95, 6.79, 8.04, 15, '08-10-2022', 'Percutan hrt assist syst', 'Cultura Clovis', 'CU47', 'CA24', 16823037, 'L');
insert into Objetos (O_Cod, O_Nombre, O_Tipoextraccion, O_Alto, O_Largo, O_Espesor, O_Peso, O_Cantidad, O_Fecharegistro, O_Descripcion, O_Origen, CU_Cod_Asocia, CA_Cod_Contiene, P_Dni_Ingresa, O_Es) values ('OBJ64', 'Martillo de piedra', 'Excavación', 4.34, 3.3, 6.84, 2.18, 41, '05-02-2023', 'Rev hip repl-fem comp', 'Cultura Jomon', 'CU36', 'CA11', 11790016, 'L');
insert into Objetos (O_Cod, O_Nombre, O_Tipoextraccion, O_Alto, O_Largo, O_Espesor, O_Peso, O_Cantidad, O_Fecharegistro, O_Descripcion, O_Origen, CU_Cod_Asocia, CA_Cod_Contiene, P_Dni_Ingresa, O_Es) values ('OBJ65', 'Mortero de piedra para moler', 'Excavación', 5.75, 2.67, 1.42, 9.31, 38, '21-10-2022', 'Clos uterine ligament bx', 'Cultura Natufiense', 'CU48', 'CA4', 16823037, 'L');
insert into Objetos (O_Cod, O_Nombre, O_Tipoextraccion, O_Alto, O_Largo, O_Espesor, O_Peso, O_Cantidad, O_Fecharegistro, O_Descripcion, O_Origen, CU_Cod_Asocia, CA_Cod_Contiene, P_Dni_Ingresa, O_Es) values ('OBJ66', 'Azuela de piedra', 'Excavación', 1.73, 4.0, 1.78, 1.48, 76, '19-12-2022', 'Simple mastoidectomy', 'Cultura Clovis', 'CU3', 'CA9', 84005629, 'C');
insert into Objetos (O_Cod, O_Nombre, O_Tipoextraccion, O_Alto, O_Largo, O_Espesor, O_Peso, O_Cantidad, O_Fecharegistro, O_Descripcion, O_Origen, CU_Cod_Asocia, CA_Cod_Contiene, P_Dni_Ingresa, O_Es) values ('OBJ67', 'Cincel de piedra', 'Análisis de superficie', 1.07, 5.38, 7.65, 2.03, 46, '27-02-2023', 'Inf liquid brachy isotop', 'Cultura Moche', 'CU46', 'CA22', 34975409, 'L');
insert into Objetos (O_Cod, O_Nombre, O_Tipoextraccion, O_Alto, O_Largo, O_Espesor, O_Peso, O_Cantidad, O_Fecharegistro, O_Descripcion, O_Origen, CU_Cod_Asocia, CA_Cod_Contiene, P_Dni_Ingresa, O_Es) values ('OBJ68', 'Muela de mano de piedra', 'Sondeo', 6.0, 4.51, 9.24, 8.42, 59, '09-09-2022', 'Intravs msmt ves NEC/NOS', 'Cultura Jomon', 'CU19', 'CA9', 15269037, 'C');
insert into Objetos (O_Cod, O_Nombre, O_Tipoextraccion, O_Alto, O_Largo, O_Espesor, O_Peso, O_Cantidad, O_Fecharegistro, O_Descripcion, O_Origen, CU_Cod_Asocia, CA_Cod_Contiene, P_Dni_Ingresa, O_Es) values ('OBJ69', 'Piedra de afilar', 'Excavación', 3.13, 4.94, 1.05, 8.04, 3, '24-01-2023', 'Imp/rep mchan cochl pros', 'Cultura Acheulense', 'CU8', 'CA13', 34975409, 'L');
insert into Objetos (O_Cod, O_Nombre, O_Tipoextraccion, O_Alto, O_Largo, O_Espesor, O_Peso, O_Cantidad, O_Fecharegistro, O_Descripcion, O_Origen, CU_Cod_Asocia, CA_Cod_Contiene, P_Dni_Ingresa, O_Es) values ('OBJ70', 'Hacha de mano de piedra', 'Prospección geofísica', 4.63, 2.89, 4.68, 7.95, 1, '24-09-2022', 'Breast operation NEC', 'Cultura Natufiense', 'CU29', 'CA23', 22718194, 'C');
insert into Objetos (O_Cod, O_Nombre, O_Tipoextraccion, O_Alto, O_Largo, O_Espesor, O_Peso, O_Cantidad, O_Fecharegistro, O_Descripcion, O_Origen, CU_Cod_Asocia, CA_Cod_Contiene, P_Dni_Ingresa, O_Es) values ('OBJ71', 'Olla de barro', 'Sondeo', 10.0, 8.95, 3.49, 7.73, 58, '05-09-2022', 'Orthodon applianc applic', 'Cultura Natufiense', 'CU28', 'CA22', 7422764, 'L');
insert into Objetos (O_Cod, O_Nombre, O_Tipoextraccion, O_Alto, O_Largo, O_Espesor, O_Peso, O_Cantidad, O_Fecharegistro, O_Descripcion, O_Origen, CU_Cod_Asocia, CA_Cod_Contiene, P_Dni_Ingresa, O_Es) values ('OBJ72', 'Plato de cerámica', 'Sondeo', 5.17, 2.66, 1.9, 4.64, 76, '01-08-2022', 'Lap adhesiolys ova/tube', 'Cultura Clovis', 'CU49', 'CA4', 15269037, 'C');
insert into Objetos (O_Cod, O_Nombre, O_Tipoextraccion, O_Alto, O_Largo, O_Espesor, O_Peso, O_Cantidad, O_Fecharegistro, O_Descripcion, O_Origen, CU_Cod_Asocia, CA_Cod_Contiene, P_Dni_Ingresa, O_Es) values ('OBJ73', 'Cuenco de cerámica', 'Excavación', 8.57, 5.58, 2.66, 5.0, 67, '26-03-2023', 'Eyelid biopsy', 'Cultura Acheulense', 'CU41', 'CA19', 40417189, 'C');
insert into Objetos (O_Cod, O_Nombre, O_Tipoextraccion, O_Alto, O_Largo, O_Espesor, O_Peso, O_Cantidad, O_Fecharegistro, O_Descripcion, O_Origen, CU_Cod_Asocia, CA_Cod_Contiene, P_Dni_Ingresa, O_Es) values ('OBJ74', 'Vasija de cerámica', 'Sondeo', 4.61, 4.35, 6.68, 1.87, 35, '24-12-2022', 'Eyelid epilation NEC', 'Cultura Moche', 'CU31', 'CA13', 16823037, 'L');
insert into Objetos (O_Cod, O_Nombre, O_Tipoextraccion, O_Alto, O_Largo, O_Espesor, O_Peso, O_Cantidad, O_Fecharegistro, O_Descripcion, O_Origen, CU_Cod_Asocia, CA_Cod_Contiene, P_Dni_Ingresa, O_Es) values ('OBJ75', 'Jarro de cerámica', 'Prospección geofísica', 1.81, 4.26, 1.17, 1.69, 83, '25-04-2023', 'Vesicostomy', 'Cultura Natufiense', 'CU41', 'CA3', 15269037, 'L');
insert into Objetos (O_Cod, O_Nombre, O_Tipoextraccion, O_Alto, O_Largo, O_Espesor, O_Peso, O_Cantidad, O_Fecharegistro, O_Descripcion, O_Origen, CU_Cod_Asocia, CA_Cod_Contiene, P_Dni_Ingresa, O_Es) values ('OBJ76', 'Figurilla de cerámica', 'Análisis de superficie', 4.71, 7.68, 7.91, 4.55, 5, '28-12-2022', 'Lung repair NEC', 'Cultura Neolítica', 'CU45', 'CA15', 16823037, 'L');
insert into Objetos (O_Cod, O_Nombre, O_Tipoextraccion, O_Alto, O_Largo, O_Espesor, O_Peso, O_Cantidad, O_Fecharegistro, O_Descripcion, O_Origen, CU_Cod_Asocia, CA_Cod_Contiene, P_Dni_Ingresa, O_Es) values ('OBJ77', 'Estatuilla de cerámica', 'Prospección geofísica', 9.38, 9.0, 3.73, 6.89, 24, '22-08-2022', 'Partial esophagectomy', 'Cultura Acheulense', 'CU41', 'CA4', 16823037, 'L');
insert into Objetos (O_Cod, O_Nombre, O_Tipoextraccion, O_Alto, O_Largo, O_Espesor, O_Peso, O_Cantidad, O_Fecharegistro, O_Descripcion, O_Origen, CU_Cod_Asocia, CA_Cod_Contiene, P_Dni_Ingresa, O_Es) values ('OBJ78', 'Jarron de cerámica', 'Prospección geofísica', 7.18, 3.71, 6.84, 7.89, 55, '19-07-2022', 'Peritoneal suture', 'Cultura Natufiense', 'CU27', 'CA19', 84005629, 'L');
insert into Objetos (O_Cod, O_Nombre, O_Tipoextraccion, O_Alto, O_Largo, O_Espesor, O_Peso, O_Cantidad, O_Fecharegistro, O_Descripcion, O_Origen, CU_Cod_Asocia, CA_Cod_Contiene, P_Dni_Ingresa, O_Es) values ('OBJ79', 'Tazon de cerámica', 'Análisis de superficie', 8.74, 1.19, 4.62, 6.83, 58, '13-12-2022', 'Intravas msmt periph art', 'Cultura Moche', 'CU25', 'CA16', 40417189, 'L');
insert into Objetos (O_Cod, O_Nombre, O_Tipoextraccion, O_Alto, O_Largo, O_Espesor, O_Peso, O_Cantidad, O_Fecharegistro, O_Descripcion, O_Origen, CU_Cod_Asocia, CA_Cod_Contiene, P_Dni_Ingresa, O_Es) values ('OBJ80', 'Cántaro de cerámica', 'Prospección geofísica', 4.62, 3.78, 7.36, 9.01, 62, '06-08-2022', 'Catarac phacoemuls/aspir', 'Cultura Neolítica', 'CU30', 'CA1', 7422764, 'C');
insert into Objetos (O_Cod, O_Nombre, O_Tipoextraccion, O_Alto, O_Largo, O_Espesor, O_Peso, O_Cantidad, O_Fecharegistro, O_Descripcion, O_Origen, CU_Cod_Asocia, CA_Cod_Contiene, P_Dni_Ingresa, O_Es) values ('OBJ81', 'Hacha de piedra pulida', 'Excavación', 1.25, 4.81, 8.76, 6.29, 80, '23-08-2022', 'Uterus/adnexa repair NEC', 'Cultura Jomon', 'CU48', 'CA18', 15269037, 'L');
insert into Objetos (O_Cod, O_Nombre, O_Tipoextraccion, O_Alto, O_Largo, O_Espesor, O_Peso, O_Cantidad, O_Fecharegistro, O_Descripcion, O_Origen, CU_Cod_Asocia, CA_Cod_Contiene, P_Dni_Ingresa, O_Es) values ('OBJ82', 'Cuchillo de obsidiana', 'Sondeo', 1.41, 7.81, 6.64, 6.49, 64, '30-08-2022', 'Periton pneumogram NEC', 'Cultura Moche', 'CU29', 'CA13', 77844209, 'C');
insert into Objetos (O_Cod, O_Nombre, O_Tipoextraccion, O_Alto, O_Largo, O_Espesor, O_Peso, O_Cantidad, O_Fecharegistro, O_Descripcion, O_Origen, CU_Cod_Asocia, CA_Cod_Contiene, P_Dni_Ingresa, O_Es) values ('OBJ83', 'Punta de flecha de sílex', 'Prospección geofísica', 2.67, 1.32, 4.55, 5.87, 4, '11-10-2022', 'Remove cervical cerclage', 'Cultura Acheulense', 'CU5', 'CA3', 40417189, 'L');
insert into Objetos (O_Cod, O_Nombre, O_Tipoextraccion, O_Alto, O_Largo, O_Espesor, O_Peso, O_Cantidad, O_Fecharegistro, O_Descripcion, O_Origen, CU_Cod_Asocia, CA_Cod_Contiene, P_Dni_Ingresa, O_Es) values ('OBJ84', 'Martillo de piedra', 'Análisis de superficie', 5.64, 6.2, 3.47, 9.31, 78, '11-06-2022', 'Closed thyroid gland bx', 'Cultura Moche', 'CU32', 'CA5', 34975409, 'C');
insert into Objetos (O_Cod, O_Nombre, O_Tipoextraccion, O_Alto, O_Largo, O_Espesor, O_Peso, O_Cantidad, O_Fecharegistro, O_Descripcion, O_Origen, CU_Cod_Asocia, CA_Cod_Contiene, P_Dni_Ingresa, O_Es) values ('OBJ85', 'Mortero de piedra para moler', 'Levantamiento arqueológico', 5.7, 6.8, 2.26, 6.88, 38, '29-03-2023', 'Remov therapeut dev NEC', 'Cultura Natufiense', 'CU28', 'CA2', 84021424, 'L');
insert into Objetos (O_Cod, O_Nombre, O_Tipoextraccion, O_Alto, O_Largo, O_Espesor, O_Peso, O_Cantidad, O_Fecharegistro, O_Descripcion, O_Origen, CU_Cod_Asocia, CA_Cod_Contiene, P_Dni_Ingresa, O_Es) values ('OBJ86', 'Azuela de piedra', 'Prospección geofísica', 8.28, 4.99, 2.96, 1.76, 26, '27-03-2023', 'Intravasc msmnt cor art', 'Cultura Moche', 'CU14', 'CA5', 7422764, 'L');
insert into Objetos (O_Cod, O_Nombre, O_Tipoextraccion, O_Alto, O_Largo, O_Espesor, O_Peso, O_Cantidad, O_Fecharegistro, O_Descripcion, O_Origen, CU_Cod_Asocia, CA_Cod_Contiene, P_Dni_Ingresa, O_Es) values ('OBJ87', 'Cincel de piedra', 'Prospección geofísica', 9.58, 8.76, 4.78, 6.04, 95, '27-05-2022', 'Toxicology-upper GI', 'Cultura Neolítica', 'CU32', 'CA11', 22718194, 'C');
insert into Objetos (O_Cod, O_Nombre, O_Tipoextraccion, O_Alto, O_Largo, O_Espesor, O_Peso, O_Cantidad, O_Fecharegistro, O_Descripcion, O_Origen, CU_Cod_Asocia, CA_Cod_Contiene, P_Dni_Ingresa, O_Es) values ('OBJ88', 'Muela de mano de piedra', 'Levantamiento arqueológico', 9.37, 3.54, 3.12, 4.87, 14, '07-02-2023', 'CAS w CT/CTA', 'Cultura Clovis', 'CU25', 'CA11', 11790016, 'C');
insert into Objetos (O_Cod, O_Nombre, O_Tipoextraccion, O_Alto, O_Largo, O_Espesor, O_Peso, O_Cantidad, O_Fecharegistro, O_Descripcion, O_Origen, CU_Cod_Asocia, CA_Cod_Contiene, P_Dni_Ingresa, O_Es) values ('OBJ89', 'Piedra de afilar', 'Análisis de superficie', 6.72, 1.74, 1.88, 7.19, 90, '19-10-2022', 'Thoracic spine x-ray NEC', 'Cultura Maya', 'CU31', 'CA8', 15269037, 'C');
insert into Objetos (O_Cod, O_Nombre, O_Tipoextraccion, O_Alto, O_Largo, O_Espesor, O_Peso, O_Cantidad, O_Fecharegistro, O_Descripcion, O_Origen, CU_Cod_Asocia, CA_Cod_Contiene, P_Dni_Ingresa, O_Es) values ('OBJ90', 'Hacha de mano de piedra', 'Sondeo', 6.07, 7.99, 2.07, 6.91, 32, '16-08-2022', 'Repair ob laceration NEC', 'Cultura Neolítica', 'CU44', 'CA6', 7422764, 'C');
insert into Objetos (O_Cod, O_Nombre, O_Tipoextraccion, O_Alto, O_Largo, O_Espesor, O_Peso, O_Cantidad, O_Fecharegistro, O_Descripcion, O_Origen, CU_Cod_Asocia, CA_Cod_Contiene, P_Dni_Ingresa, O_Es) values ('OBJ91', 'Olla de barro', 'Levantamiento arqueológico', 4.09, 7.39, 1.03, 4.98, 4, '02-08-2022', 'Perc mtrl vlv repr w imp', 'Cultura Maya', 'CU44', 'CA7', 40417189, 'L');
insert into Objetos (O_Cod, O_Nombre, O_Tipoextraccion, O_Alto, O_Largo, O_Espesor, O_Peso, O_Cantidad, O_Fecharegistro, O_Descripcion, O_Origen, CU_Cod_Asocia, CA_Cod_Contiene, P_Dni_Ingresa, O_Es) values ('OBJ92', 'Plato de cerámica', 'Prospección geofísica', 6.64, 2.08, 8.63, 9.47, 99, '30-06-2022', 'Opn pulmon valvuloplasty', 'Cultura Neolítica', 'CU12', 'CA6', 22718194, 'L');
insert into Objetos (O_Cod, O_Nombre, O_Tipoextraccion, O_Alto, O_Largo, O_Espesor, O_Peso, O_Cantidad, O_Fecharegistro, O_Descripcion, O_Origen, CU_Cod_Asocia, CA_Cod_Contiene, P_Dni_Ingresa, O_Es) values ('OBJ93', 'Cuenco de cerámica', 'Prospección geofísica', 7.58, 7.61, 9.33, 3.87, 64, '31-12-2022', 'Tonsillectomy/adenoidec', 'Cultura Acheulense', 'CU27', 'CA20', 16823037, 'L');
insert into Objetos (O_Cod, O_Nombre, O_Tipoextraccion, O_Alto, O_Largo, O_Espesor, O_Peso, O_Cantidad, O_Fecharegistro, O_Descripcion, O_Origen, CU_Cod_Asocia, CA_Cod_Contiene, P_Dni_Ingresa, O_Es) values ('OBJ94', 'Vasija de cerámica', 'Levantamiento arqueológico', 6.45, 8.77, 6.48, 4.36, 84, '03-02-2023', 'Esophagoscopy by incis', 'Cultura Neolítica', 'CU44', 'CA8', 40417189, 'L');
insert into Objetos (O_Cod, O_Nombre, O_Tipoextraccion, O_Alto, O_Largo, O_Espesor, O_Peso, O_Cantidad, O_Fecharegistro, O_Descripcion, O_Origen, CU_Cod_Asocia, CA_Cod_Contiene, P_Dni_Ingresa, O_Es) values ('OBJ95', 'Jarro de cerámica', 'Análisis de superficie', 8.37, 9.05, 9.53, 5.88, 63, '25-04-2023', 'Periurethral biopsy', 'Cultura Natufiense', 'CU2', 'CA23', 22718194, 'L');
insert into Objetos (O_Cod, O_Nombre, O_Tipoextraccion, O_Alto, O_Largo, O_Espesor, O_Peso, O_Cantidad, O_Fecharegistro, O_Descripcion, O_Origen, CU_Cod_Asocia, CA_Cod_Contiene, P_Dni_Ingresa, O_Es) values ('OBJ96', 'Figurilla de cerámica', 'Sondeo', 7.14, 7.54, 4.34, 9.48, 76, '13-08-2022', 'Excision of elbow NEC', 'Cultura Moche', 'CU26', 'CA9', 7422764, 'L');
insert into Objetos (O_Cod, O_Nombre, O_Tipoextraccion, O_Alto, O_Largo, O_Espesor, O_Peso, O_Cantidad, O_Fecharegistro, O_Descripcion, O_Origen, CU_Cod_Asocia, CA_Cod_Contiene, P_Dni_Ingresa, O_Es) values ('OBJ97', 'Estatuilla de cerámica', 'Excavación', 8.67, 9.09, 3.19, 8.07, 13, '12-04-2023', 'Subtotal mastectomy', 'Cultura Moche', 'CU21', 'CA8', 7422764, 'L');
insert into Objetos (O_Cod, O_Nombre, O_Tipoextraccion, O_Alto, O_Largo, O_Espesor, O_Peso, O_Cantidad, O_Fecharegistro, O_Descripcion, O_Origen, CU_Cod_Asocia, CA_Cod_Contiene, P_Dni_Ingresa, O_Es) values ('OBJ98', 'Jarron de cerámica', 'Levantamiento arqueológico', 1.79, 6.51, 4.25, 7.66, 93, '10-08-2022', 'Resection of nose', 'Cultura Clovis', 'CU37', 'CA4', 7422764, 'C');
insert into Objetos (O_Cod, O_Nombre, O_Tipoextraccion, O_Alto, O_Largo, O_Espesor, O_Peso, O_Cantidad, O_Fecharegistro, O_Descripcion, O_Origen, CU_Cod_Asocia, CA_Cod_Contiene, P_Dni_Ingresa, O_Es) values ('OBJ99', 'Tazon de cerámica', 'Análisis de superficie', 4.61, 4.52, 7.54, 7.08, 88, '22-06-2022', 'Superficial radiation', 'Cultura Acheulense', 'CU31', 'CA12', 40417189, 'L');
insert into Objetos (O_Cod, O_Nombre, O_Tipoextraccion, O_Alto, O_Largo, O_Espesor, O_Peso, O_Cantidad, O_Fecharegistro, O_Descripcion, O_Origen, CU_Cod_Asocia, CA_Cod_Contiene, P_Dni_Ingresa, O_Es) values ('OBJ100', 'Cántaro de cerámica', 'Análisis de superficie', 2.84, 9.31, 3.36, 7.26, 82, '15-09-2022', 'Venous cath NEC', 'Cultura Maya', 'CU33', 'CA20', 40417189, 'L');
insert into Liticos (O_cod, L_fechacreacion) values ('OBJ1', 861);
insert into Liticos (O_cod, L_fechacreacion) values ('OBJ2', 214);
insert into Liticos (O_cod, L_fechacreacion) values ('OBJ3', 442);
insert into Liticos (O_cod, L_fechacreacion) values ('OBJ5', 184);
insert into Liticos (O_cod, L_fechacreacion) values ('OBJ8', 751);
insert into Liticos (O_cod, L_fechacreacion) values ('OBJ15', 391);
insert into Liticos (O_cod, L_fechacreacion) values ('OBJ18', 909);
insert into Liticos (O_cod, L_fechacreacion) values ('OBJ20', 832);
insert into Liticos (O_cod, L_fechacreacion) values ('OBJ21', 131);
insert into Liticos (O_cod, L_fechacreacion) values ('OBJ23', 466);
insert into Liticos (O_cod, L_fechacreacion) values ('OBJ24', 949);
insert into Liticos (O_cod, L_fechacreacion) values ('OBJ26', 554);
insert into Liticos (O_cod, L_fechacreacion) values ('OBJ28', 505);
insert into Liticos (O_cod, L_fechacreacion) values ('OBJ29', 228);
insert into Liticos (O_cod, L_fechacreacion) values ('OBJ30', 138);
insert into Liticos (O_cod, L_fechacreacion) values ('OBJ32', 136);
insert into Liticos (O_cod, L_fechacreacion) values ('OBJ33', 693);
insert into Liticos (O_cod, L_fechacreacion) values ('OBJ37', 354);
insert into Liticos (O_cod, L_fechacreacion) values ('OBJ41', 294);
insert into Liticos (O_cod, L_fechacreacion) values ('OBJ43', 369);
insert into Liticos (O_cod, L_fechacreacion) values ('OBJ44', 495);
insert into Liticos (O_cod, L_fechacreacion) values ('OBJ45', 165);
insert into Liticos (O_cod, L_fechacreacion) values ('OBJ47', 845);
insert into Liticos (O_cod, L_fechacreacion) values ('OBJ48', 905);
insert into Liticos (O_cod, L_fechacreacion) values ('OBJ52', 134);
insert into Liticos (O_cod, L_fechacreacion) values ('OBJ54', 576);
insert into Liticos (O_cod, L_fechacreacion) values ('OBJ55', 228);
insert into Liticos (O_cod, L_fechacreacion) values ('OBJ59', 217);
insert into Liticos (O_cod, L_fechacreacion) values ('OBJ63', 606);
insert into Liticos (O_cod, L_fechacreacion) values ('OBJ64', 770);
insert into Liticos (O_cod, L_fechacreacion) values ('OBJ65', 675);
insert into Liticos (O_cod, L_fechacreacion) values ('OBJ67', 908);
insert into Liticos (O_cod, L_fechacreacion) values ('OBJ69', 809);
insert into Liticos (O_cod, L_fechacreacion) values ('OBJ71', 608);
insert into Liticos (O_cod, L_fechacreacion) values ('OBJ74', 334);
insert into Liticos (O_cod, L_fechacreacion) values ('OBJ75', 785);
insert into Liticos (O_cod, L_fechacreacion) values ('OBJ76', 213);
insert into Liticos (O_cod, L_fechacreacion) values ('OBJ77', 442);
insert into Liticos (O_cod, L_fechacreacion) values ('OBJ78', 633);
insert into Liticos (O_cod, L_fechacreacion) values ('OBJ79', 734);
insert into Liticos (O_cod, L_fechacreacion) values ('OBJ81', 998);
insert into Liticos (O_cod, L_fechacreacion) values ('OBJ83', 265);
insert into Liticos (O_cod, L_fechacreacion) values ('OBJ85', 971);
insert into Liticos (O_cod, L_fechacreacion) values ('OBJ86', 187);
insert into Liticos (O_cod, L_fechacreacion) values ('OBJ91', 748);
insert into Liticos (O_cod, L_fechacreacion) values ('OBJ92', 496);
insert into Liticos (O_cod, L_fechacreacion) values ('OBJ93', 431);
insert into Liticos (O_cod, L_fechacreacion) values ('OBJ94', 259);
insert into Liticos (O_cod, L_fechacreacion) values ('OBJ95', 576);
insert into Liticos (O_cod, L_fechacreacion) values ('OBJ96', 153);
insert into Liticos (O_cod, L_fechacreacion) values ('OBJ97', 556);
insert into Liticos (O_cod, L_fechacreacion) values ('OBJ99', 163);
insert into Liticos (O_cod, L_fechacreacion) values ('OBJ100', 414);
insert into Ceramicos (O_cod, C_color) values ('OBJ4', 'blanco');
insert into Ceramicos (O_cod, C_color) values ('OBJ6', 'azul');
insert into Ceramicos (O_cod, C_color) values ('OBJ7', 'marrón');
insert into Ceramicos (O_cod, C_color) values ('OBJ9', 'gris');
insert into Ceramicos (O_cod, C_color) values ('OBJ10', 'blanco');
insert into Ceramicos (O_cod, C_color) values ('OBJ11', 'púrpura');
insert into Ceramicos (O_cod, C_color) values ('OBJ12', 'verde');
insert into Ceramicos (O_cod, C_color) values ('OBJ13', 'rosa');
insert into Ceramicos (O_cod, C_color) values ('OBJ14', 'naranja');
insert into Ceramicos (O_cod, C_color) values ('OBJ16', 'rojo');
insert into Ceramicos (O_cod, C_color) values ('OBJ17', 'púrpura');
insert into Ceramicos (O_cod, C_color) values ('OBJ19', 'púrpura');
insert into Ceramicos (O_cod, C_color) values ('OBJ22', 'amarillo');
insert into Ceramicos (O_cod, C_color) values ('OBJ25', 'gris');
insert into Ceramicos (O_cod, C_color) values ('OBJ27', 'marrón');
insert into Ceramicos (O_cod, C_color) values ('OBJ31', 'gris');
insert into Ceramicos (O_cod, C_color) values ('OBJ34', 'blanco');
insert into Ceramicos (O_cod, C_color) values ('OBJ35', 'amarillo');
insert into Ceramicos (O_cod, C_color) values ('OBJ36', 'azul');
insert into Ceramicos (O_cod, C_color) values ('OBJ38', 'negro');
insert into Ceramicos (O_cod, C_color) values ('OBJ39', 'gris');
insert into Ceramicos (O_cod, C_color) values ('OBJ40', 'blanco');
insert into Ceramicos (O_cod, C_color) values ('OBJ42', 'naranja');
insert into Ceramicos (O_cod, C_color) values ('OBJ46', 'naranja');
insert into Ceramicos (O_cod, C_color) values ('OBJ49', 'gris');
insert into Ceramicos (O_cod, C_color) values ('OBJ50', 'verde');
insert into Ceramicos (O_cod, C_color) values ('OBJ51', 'púrpura');
insert into Ceramicos (O_cod, C_color) values ('OBJ53', 'naranja');
insert into Ceramicos (O_cod, C_color) values ('OBJ56', 'púrpura');
insert into Ceramicos (O_cod, C_color) values ('OBJ57', 'naranja');
insert into Ceramicos (O_cod, C_color) values ('OBJ58', 'naranja');
insert into Ceramicos (O_cod, C_color) values ('OBJ60', 'naranja');
insert into Ceramicos (O_cod, C_color) values ('OBJ61', 'naranja');
insert into Ceramicos (O_cod, C_color) values ('OBJ62', 'rojo');
insert into Ceramicos (O_cod, C_color) values ('OBJ66', 'rosa');
insert into Ceramicos (O_cod, C_color) values ('OBJ68', 'negro');
insert into Ceramicos (O_cod, C_color) values ('OBJ70', 'negro');
insert into Ceramicos (O_cod, C_color) values ('OBJ72', 'gris');
insert into Ceramicos (O_cod, C_color) values ('OBJ73', 'rosa');
insert into Ceramicos (O_cod, C_color) values ('OBJ80', 'negro');
insert into Ceramicos (O_cod, C_color) values ('OBJ82', 'gris');
insert into Ceramicos (O_cod, C_color) values ('OBJ84', 'verde');
insert into Ceramicos (O_cod, C_color) values ('OBJ87', 'blanco');
insert into Ceramicos (O_cod, C_color) values ('OBJ88', 'púrpura');
insert into Ceramicos (O_cod, C_color) values ('OBJ89', 'naranja');
insert into Ceramicos (O_cod, C_color) values ('OBJ90', 'rojo');
insert into Ceramicos (O_cod, C_color) values ('OBJ98', 'púrpura');